header,address,source,target
I,Lady Susan Vernon to Mr. Vernon,Lady Susan Vernon,Mr. Vernon
II,Lady Susan Vernon to Mrs. Johnson,Lady Susan Vernon,Mrs. Johnson
III,Mrs. Vernon to Lady De Courcy,Mrs. Vernon,Lady De Courcy
IV,Mr. De Courcy to Mrs. Vernon,Mr. De Courcy,Mrs. Vernon
V,Lady Susan Vernon to Mrs. Johnson,Lady Susan Vernon,Mrs. Johnson
VI,Mrs. Vernon to Mr. De Courcy,Mrs. Vernon,Mr. De Courcy
VII,Lady Susan Vernon to Mrs. Johnson,Lady Susan Vernon,Mrs. Johnson
VIII,Mrs. Vernon to Lady De Courcy,Mrs. Vernon,Lady De Courcy
IX,Mrs. Johnson to Lady S. Vernon,Mrs. Johnson,Lady Susan Vernon
X,Lady Susan Vernon to Mrs. Johnson,Lady Susan Vernon,Mrs. Johnson
XI,Mrs. Vernon to Lady De Courcy,Mrs. Vernon,Lady De Courcy
XII,Sir Reginald De Courcy to his Son,Sir Reginald De Courcy,Mr. De Courcy
XIII,Lady De Courcy to Mrs. Vernon,Lady De Courcy,Mrs. Vernon
XIV,Mr. De Courcy to Sir Reginald,Mr. De Courcy,Sir Reginald De Courcy
XV,Mrs. Vernon to Lady De Courcy,Mrs. Vernon,Lady De Courcy
XVI,Lady Susan to Mrs. Johnson,Lady Susan Vernon,Mrs. Johnson
XVII,Mrs. Vernon to Lady De Courcy,Mrs. Vernon,Lady De Courcy
XVIII,From the same to the same,Mrs. Vernon,Lady De Courcy
XIX,Lady Susan to Mrs. Johnson,Lady Susan Vernon,Mrs. Johnson
XX,Mrs. Vernon to Lady De Courcy,Mrs. Vernon,Lady De Courcy
XXI,Miss Vernon to Mr. De Courcy,Miss Vernon,Mr. De Courcy
XXII,Lady Susan to Mrs. Johnson,Lady Susan Vernon,Mrs. Johnson
XXIII,Mrs. Vernon to Lady De Courcy,Mrs. Vernon,Lady De Courcy
XXIV,From the same to the same,Mrs. Vernon,Lady De Courcy
XXV,Lady Susan to Mrs. Johnson,Lady Susan Vernon,Mrs. Johnson
XXVI,Mrs. Johnson to Lady Susan,Mrs. Johnson,Lady Susan Vernon
XXVII,Mrs. Vernon to Lady De Courcy,Mrs. Vernon,Lady De Courcy
XXVIII,Mrs. Johnson to Lady Susan,Mrs. Johnson,Lady Susan Vernon
XXIX,Lady Susan Vernon to Mrs. Johnson,Lady Susan Vernon,Mrs. Johnson
XXX,Lady Susan Vernon to Mr. De Courcy,Lady Susan Vernon,Mr. De Courcy
XXXI,Lady Susan to Mrs. Johnson,Lady Susan Vernon,Mrs. Johnson
XXXII,Mrs. Johnson to Lady Susan,Mrs. Johnson,Lady Susan Vernon
XXXIII,Lady Susan to Mrs. Johnson,Lady Susan Vernon,Mrs. Johnson
XXXIV,Mr. De Courcy to Lady Susan,Mr. De Courcy,Lady Susan Vernon
XXXV,Lady Susan to Mr. De Courcy,Lady Susan Vernon,Mr. De Courcy
XXXVI,Mr. De Courcy to Lady Susan,Mr. De Courcy,Lady Susan Vernon
XXXVII,Lady Susan to Mr. De Courcy,Lady Susan Vernon,Mr. De Courcy
XXXVIII,Mrs. Johnson to Lady Susan Vernon,Mrs. Johnson,Lady Susan Vernon
XXXIX,Lady Susan to Mrs. Johnson,Lady Susan Vernon,Mrs. Johnson
XL,Lady De Courcy to Mrs. Vernon,Lady De Courcy,Mrs. Vernon
XLI,Mrs. Vernon to Lady De Courcy,Mrs. Vernon,Lady De Courcy
CONCLUSION,,,
